node_id,x,y
0,0.0,0.0
1,8.0,0.0
2,8.0,3.0
3,5.0,3.0
4,3.0,5.0
5,0.0,5.0
6,4.0,0.0
7,3.3291666666666666,3.3291666666666666
8,6.0,0.75
9,8.0,1.5
10,6.5,3.0
11,0.0,2.5
12,3.8775253510140404,1.7074915496619862
13,1.9999999999999998,0.7146825518259902
14,1.5,3.836647963424771
15,2.065942395662552,2.3262651769084
16,6.761363636363637,1.7613636363636362
17,0.681016192579883,1.25
