node_id,x
0,100
1,0
2,83.30900346
3,19.67528373
4,57.64415683
5,39.13160477
6,9.837641865
7,29.40344425
8,48.3878808
9,70.47658015
10,91.65450173
